ResID,dG_decomp,SD
L182,-3.746891229,0.508721939
E165,-3.404230679,1.975025434
K152,-2.75668121,2.069516035
I119,-2.992964559,0.663675538
D131,-1.123835144,2.155474829
E144,-1.736614685,3.09501545
Y146,-2.234131899,1.443959657
L150,-1.24857111,0.514922225
Y163,-2.061199838,1.07743445
L267,-1.901084123,0.492995167
N130,-1.171081197,0.500736426
K180,-0.124293898,0.966288034
Y122,-1.702057839,1.125102583
H246,-1.560158552,0.808907481
E139,-1.261822888,1.236186824
L220,-1.50607049,0.487883518
N222,-1.215750089,0.710542797
N245,-0.992183184,1.528895888
D149,-1.286531249,2.291926323
V228,-0.93390738,0.418798913
T120,-0.591624287,0.342544801
Y129,-1.25363906,0.677982221
A137,-0.848442276,0.310066148
E148,-0.111686339,1.190467279
E269,-0.251346155,0.49586241
D244,-0.06364419,1.404279754
Y119,-7.898548171,1.972592588
R38,-6.388857934,3.504311372
R313,-6.599722703,2.333663442
L311,-4.361489769,0.727344271
F245,-4.579663706,1.54775004
Y132,-4.286084124,1.615428312
F20,-3.812107233,1.01215858
Q39,-1.895921448,1.459467362
L308,-3.895311608,0.722837253
L246,-3.242404446,0.71765513
R198,-4.109664459,1.951983693
K22,-3.241006022,2.289965757
M118,-1.922913191,1.153971489
R35,-3.255183047,3.111482213
L306,-2.371359504,0.518494221
H309,-1.955127947,1.943445152
Y116,-1.125230346,1.135497229
D115,-0.574503856,0.98491012
P37,-0.595274915,0.280872332
L250,-1.090894939,0.380207681
T135,-0.487857595,0.694889901
